[
    {
        "name": "А++ (очень высокий)",
        "R": 8.8
    },
    {
        "name": "А+ (очень высокий)",
        "R": 7.5
    },
    {
        "name": "А (очень высокий)",
        "R": 6.5
    },
    {
        "name": "В+ (высокий)",
        "R": 5.5
    },
    {
        "name": "В (высокий)",
        "R": 4.5
    },
    {
        "name": "С+ (нормальный)",
        "R": 3.8
    },
    {
        "name": "С (нормальный)",
        "R": 3.5
    },
    {
        "name": "С- (нормальный)",
        "R": 3.2
    },
    {
        "name": "D (пониженный)",
        "R": 2.8
    },
    {
        "name": "E (низкий)",
        "R": 2.5
    }
]