[
  {
    "name":"Труба металлическая",
    "length":2,
    "diam":108,
    "temp":70,
    "Q":114,
    "lambda":7e-7
  },
  {
    "name":"Труба металлопластиковая",
    "length":2,
    "diam":32,
    "temp":65,
    "Q":40.8,
    "lambda":7e-7
  },
  {
    "name":"Труба пластиковая",
    "length":2,
    "diam":32,
    "temp":35,
    "Q":44,
    "lambda":1e-7
  },
  {
    "name":"Труба металлическая с утеплителем",
    "length":2,
    "diam":89,
    "temp":60,
    "Q":76.8,
    "lambda":7e-7
  },
  {
    "name":"Труба металлопластиковая с утеплителем",
    "length":2,
    "diam":25,
    "temp":85,
    "Q":40,
    "lambda":7e-7
  },
  {
    "name":"Труба пластиковая с утеплителем",
    "length":2,
    "diam":20,
    "temp":90,
    "Q":44,
    "lambda":1e-7
  }
]