[
    {
        "id_pump": 2,
        "ascents_heat": 3,
        "ascents_hws": 2,
        "id_build": 1,
        "count_crane": 1,
        "id_crane": 2,
        "descents_heat": 3,
        "descents_hws": 2,
        "id_heatexchanger": 2,
        "ihp": 1,
        "id_pipe": 2,
        "count_radiator": 1,
        "id_radiator": 2,
        "id_shutoffvalve": 2,
        "ventsys": 1
    },
    {
        "id_pump": 2,
        "ascents_heat": 1,
        "ascents_hws": 1,
        "id_build": 2,
        "count_crane": 2,
        "id_crane": 3,
        "descents_heat": 4,
        "descents_hws": 1,
        "id_heatexchanger": 2,
        "ihp": 0,
        "id_pipe": 5,
        "count_radiator": 2,
        "id_radiator": 2,
        "id_shutoffvalve": 2,
        "ventsys": 0
    },
    {
        "id_pump": 1,
        "ascents_heat": 3,
        "ascents_hws": 3,
        "id_build": 3,
        "count_crane": 2,
        "id_crane": 2,
        "descents_heat": 24,
        "descents_hws": 12,
        "id_heatexchanger": 1,
        "ihp": 0,
        "id_pipe": 1,
        "count_radiator": 1,
        "id_radiator": 1,
        "id_shutoffvalve": 2,
        "ventsys": 0
    },
    {
        "id_pump": 2,
        "ascents_heat": 2,
        "ascents_hws": 2,
        "id_build": 4,
        "count_crane": 2,
        "id_crane": 2,
        "descents_heat": 16,
        "descents_hws": 8,
        "id_heatexchanger": 2,
        "ihp": 1,
        "id_pipe": 1,
        "count_radiator": 1,
        "id_radiator": 1,
        "id_shutoffvalve": 1,
        "ventsys": 0
    },
    {
        "id_pump": 2,
        "ascents_heat": 10,
        "ascents_hws": 5,
        "id_build": 5,
        "count_crane": 16,
        "id_crane": 3,
        "descents_heat": 24,
        "descents_hws": 12,
        "id_heatexchanger": 2,
        "ihp": 1,
        "id_pipe": 6,
        "count_radiator": 4,
        "id_radiator": 2,
        "id_shutoffvalve": 1,
        "ventsys": 1
    },
    {
        "id_pump": 1,
        "ascents_heat": 3,
        "ascents_hws": 3,
        "id_build": 6,
        "count_crane": 2,
        "id_crane": 2,
        "descents_heat": 24,
        "descents_hws": 12,
        "id_heatexchanger": 1,
        "ihp": 1,
        "id_pipe": 1,
        "count_radiator": 1,
        "id_radiator": 1,
        "id_shutoffvalve": 2,
        "ventsys": 0
    },
    {
        "id_pump": 2,
        "ascents_heat": 4,
        "ascents_hws": 3,
        "id_build": 7,
        "count_crane": 4,
        "id_crane": 1,
        "descents_heat": 10,
        "descents_hws": 3,
        "id_heatexchanger": 2,
        "ihp": 0,
        "id_pipe": 1,
        "count_radiator": 4,
        "id_radiator": 1,
        "id_shutoffvalve": 2,
        "ventsys": 1
    },
    {
        "id_pump": 2,
        "ascents_heat": 4,
        "ascents_hws": 3,
        "id_build": 8,
        "count_crane": 4,
        "id_crane": 3,
        "descents_heat": 10,
        "descents_hws": 3,
        "id_heatexchanger": 2,
        "ihp": 1,
        "id_pipe": 6,
        "count_radiator": 4,
        "id_radiator": 2,
        "id_shutoffvalve": 1,
        "ventsys": 1
    }
]