[
    {
        "id_q_elec": 1,
        "id_build": 1,
        "elec_consumption_by_period": null
    },
    {
        "id_q_elec": 2,
        "id_build": 2,
        "elec_consumption_by_period": 1000
    },
    {
        "id_q_elec": 3,
        "id_build": 3,
        "elec_consumption_by_period": null
    },
    {
        "id_q_elec": 4,
        "id_build": 4,
        "elec_consumption_by_period": 1000
    },
    {
        "id_q_elec": 5,
        "id_build": 5,
        "elec_consumption_by_period": null
    },
    {
        "id_q_elec": 6,
        "id_build": 6,
        "elec_consumption_by_period": 1000
    },
    {
        "id_q_elec": 7,
        "id_build": 7,
        "elec_consumption_by_period": null
    },
    {
        "id_q_elec": 8,
        "id_build": 8,
        "elec_consumption_by_period": 1000
    }
]