[
    {
        "count_divan": 10,
        "count_doors": 10,
        "count_shkaf": 9,
        "count_shkafchik": 10,
        "count_table": 11,
        "divan_material": 14,
        "doors_material": 5,
        "floors_materials": 17,
        "id_build": 1,
        "id_period": 2,
        "id_q_reheat": 1,
        "mebel_material": 16,
        "shkafchik_material": 11,
        "table_material": 15,
        "walls_material": 1
    },
    {
        "count_divan": 6,
        "count_doors": 8,
        "count_shkaf": 7,
        "count_shkafchik": 10,
        "count_table": 5,
        "divan_material": 14,
        "doors_material": 13,
        "floors_materials": 13,
        "id_build": 2,
        "id_period": 3,
        "id_q_reheat": 2,
        "mebel_material": 14,
        "shkafchik_material": 14,
        "table_material": 15,
        "walls_material": 1
    },
    {
        "count_divan": 120,
        "count_doors": 240,
        "count_shkaf": 120,
        "count_shkafchik": 240,
        "count_table": 180,
        "divan_material": 11,
        "doors_material": 5,
        "floors_materials": 17,
        "id_build": 3,
        "id_period": 2,
        "id_q_reheat": 3,
        "mebel_material": 11,
        "shkafchik_material": 11,
        "table_material": 11,
        "walls_material": 1
    },
    {
        "count_divan": 256,
        "count_doors": 512,
        "count_shkaf": 256,
        "count_shkafchik": 640,
        "count_table": 384,
        "divan_material": 11,
        "doors_material": 16,
        "floors_materials": 17,
        "id_build": 4,
        "id_period": 2,
        "id_q_reheat": 4,
        "mebel_material": 11,
        "shkafchik_material": 11,
        "table_material": 15,
        "walls_material": 2
    },
    {
        "count_divan": 40,
        "count_doors": 3600,
        "count_shkaf": 3600,
        "count_shkafchik": 50,
        "count_table": 3600,
        "divan_material": 11,
        "doors_material": 5,
        "floors_materials": 12,
        "id_build": 5,
        "id_period": 1,
        "id_q_reheat": 5,
        "mebel_material": 11,
        "shkafchik_material": 11,
        "table_material": 11,
        "walls_material": 3
    },
    {
        "count_divan": 512,
        "count_doors": 768,
        "count_shkaf": 512,
        "count_shkafchik": 640,
        "count_table": 384,
        "divan_material": 11,
        "doors_material": 5,
        "floors_materials": 17,
        "id_build": 6,
        "id_period": 2,
        "id_q_reheat": 6,
        "mebel_material": 11,
        "shkafchik_material": 11,
        "table_material": 5,
        "walls_material": 4
    },
    {
        "count_divan": 4,
        "count_doors": 80,
        "count_shkaf": 250,
        "count_shkafchik": 240,
        "count_table": 1700,
        "divan_material": 11,
        "doors_material": 5,
        "floors_materials": 17,
        "id_build": 7,
        "id_period": 1,
        "id_q_reheat": 7,
        "mebel_material": 11,
        "shkafchik_material": 11,
        "table_material": 11,
        "walls_material": 1
    },
    {
        "count_divan": 4,
        "count_doors": 80,
        "count_shkaf": 250,
        "count_shkafchik": 240,
        "count_table": 1700,
        "divan_material": 11,
        "doors_material": 5,
        "floors_materials": 17,
        "id_build": 8,
        "id_period": 1,
        "id_q_reheat": 8,
        "mebel_material": 11,
        "shkafchik_material": 11,
        "table_material": 11,
        "walls_material": 1
    }
]