[
    {
        "id_q_wnd":	1,
        "id_build": 1,
        "count_windows": 100,
        "length_wnd": 100.0,
        "height_wnd": 100.0,
        "id_window": 1,
        "date_wnd":	"2012-08-01"
    },
    {
        "id_q_wnd":	2,
        "id_build": 2,
        "count_windows": 10,
        "length_wnd": 100.0,
        "height_wnd": 200.0,
        "id_window": 2,
        "date_wnd":	"2012-08-01"
    },
    {
        "id_q_wnd":	3,
        "id_build": 3,
        "count_windows": 90,
        "length_wnd": 50.0,
        "height_wnd": 100.0,
        "id_window": 3,
        "date_wnd":	"2000-05-01"
    },
    {
        "id_q_wnd":	4,
        "id_build": 4,
        "count_windows": 200,
        "length_wnd": 100.0,
        "height_wnd": 100.0,
        "id_window": 4,
        "date_wnd":	"2012-08-01"
    },
    {
        "id_q_wnd":	5,
        "id_build": 5,
        "count_windows": 1000,
        "length_wnd": 100.0,
        "height_wnd": 100.0,
        "id_window": 5,
        "date_wnd":	"2012-08-01"
    },
    {
        "id_q_wnd":	6,
        "id_build": 6,
        "count_windows": 150,
        "length_wnd": 83.0,
        "height_wnd": 100.0,
        "id_window": 6,
        "date_wnd":	"2012-08-01"
    },
    {
        "id_q_wnd":	7,
        "id_build": 7,
        "count_windows": 100,
        "length_wnd": 100.0,
        "height_wnd": 100.0,
        "id_window": 3,
        "date_wnd":	"1980-08-01"
    },
    {
        "id_q_wnd":	8,
        "id_build": 8,
        "count_windows": 100,
        "length_wnd": 100.0,
        "height_wnd": 100.0,
        "id_window": 3,
        "date_wnd":	"2012-08-01"
    }
]