[
    {
        "name": "Двери одинарные деревянные без тамбура",
        "R": 1.058,
        "beta": 0.22,
        "a": 0.5,
        "q": 5.6
    },
    {
        "name": "Двери одинарные деревянные с тамбуром между ними",
        "R": 1.058,
        "beta": 0.27,
        "a": 0.5,
        "q": 5.6
    },
    {
        "name": "Двери двойные (распашные) деревянные без тамбура",
        "R": 1.058,
        "beta": 0.34,
        "a": 0.5,
        "q": 5.6
    },
    {
        "name": "Двери двойные (распашные) деревянные с тамбуром между ними",
        "R": 1.058,
        "beta": 0.27,
        "a": 0.5,
        "q": 5.6
    },
    {
        "name": "Двери одинарные ПВХ без тамбура",
        "R": 0.821,
        "beta": 0.22,
        "a": 0.33,
        "q": 3.8
    },
    {
        "name": "Двери одинарные ПВХ с тамбуром между ними",
        "R": 0.821,
        "beta": 0.27,
        "a": 0.33,
        "q": 3.8
    },
    {
        "name": "Двери двойные (распашные) ПВХ без тамбура",
        "R": 0.821,
        "beta": 0.34,
        "a": 0.33,
        "q": 3.8
    },
    {
        "name": "Двери двойные (распашные) ПВХ с тамбуром между ними",
        "R": 0.821,
        "beta": 0.27,
        "a": 0.33,
        "q": 3.8
    },
    {
        "name": "Двери одинарные алюминиевые без тамбура",
        "R": 0.802,
        "beta": 0.22,
        "a": 0.33,
        "q": 2.0
    },
    {
        "name": "Двери одинарные алюминиевые с тамбуром между ними",
        "R": 0.802,
        "beta": 0.27,
        "a": 0.33,
        "q": 2.0
    },
    {
        "name": "Двери двойные (распашные) алюминиевые без тамбура",
        "R": 0.802,
        "beta": 0.34,
        "a": 0.33,
        "q": 2.0
    },
    {
        "name": "Двери двойные (распашные) алюминиевые с тамбуром между ними",
        "R": 0.802,
        "beta": 0.27,
        "a": 0.33,
        "q": 2.0
    }
]