[
    {
        "id_q_doors": 1,
        "id_build": 1,
        "count_doors": 100,
        "length_door": 100.0,
        "height_door": 100.0,
        "id_door": 1,
        "date_doors": "2012-08-01"
    },
    {
        "id_q_doors": 2,
        "id_build": 2,
        "count_doors": 100,
        "length_door": 100.0,
        "height_door": 100.0,
        "id_door": 1,
        "date_doors": "2012-08-01"
    },
    {
        "id_q_doors": 3,
        "id_build": 3,
        "count_doors": 100,
        "length_door": 100.0,
        "height_door": 100.0,
        "id_door": 1,
        "date_doors": "2012-08-01"
    },
    {
        "id_q_doors": 4,
        "id_build": 4,
        "count_doors": 100,
        "length_door": 100.0,
        "height_door": 100.0,
        "id_door": 1,
        "date_doors": "2012-08-01"
    },
    {
        "id_q_doors": 5,
        "id_build": 5,
        "count_doors": 100,
        "length_door": 100.0,
        "height_door": 100.0,
        "id_door": 1,
        "date_doors": "2012-08-01"
    },
    {
        "id_q_doors": 6,
        "id_build": 6,
        "count_doors": 100,
        "length_door": 100.0,
        "height_door": 100.0,
        "id_door": 1,
        "date_doors": "2012-08-01"
    },
    {
        "id_q_doors": 7,
        "id_build": 7,
        "count_doors": 100,
        "length_door": 100.0,
        "height_door": 100.0,
        "id_door": 1,
        "date_doors": "2012-08-01"
    },
    {
        "id_q_doors": 8,
        "id_build": 8,
        "count_doors": 100,
        "length_door": 100.0,
        "height_door": 100.0,
        "id_door": 1,
        "date_doors": "2012-08-01"
    }
]