[
    {
        "id_q_floor" :	1,
	    "height_floor":	2.1,
	    "id_build":	1
    },
    {
        "id_q_floor" :	2,
	    "height_floor":	2.2,
	    "id_build":	2
    },
    {
        "id_q_floor" :	3,
	    "height_floor":	2.3,
	    "id_build":	3
    },
    {
        "id_q_floor" :	4,
	    "height_floor":	2.4,
	    "id_build":	4
    },
    {
        "id_q_floor" :	5,
	    "height_floor":	2.5,
	    "id_build":	5
    },
    {
        "id_q_floor" :	6,
	    "height_floor":	2.6,
	    "id_build":	6
    },
    {
        "id_q_floor" :	7,
	    "height_floor":	2.7,
	    "id_build":	7
    },
    {
        "id_q_floor" :	8,
	    "height_floor":	2.8,
	    "id_build":	8
    }
]