[
    {
        "name": "Деревянные окна с двойным остеклением",
        "R": 0.28,
        "a": 0.5,
        "q": 5.6
    },
    {
        "name": "Стеклопакет 24мм (4-16-4) в корпусе ПВХ",
        "R": 0.37,
        "a": 0.33,
        "q": 3.8
    },
    {
        "name": "Стеклопакет 24мм (4-16-4) в корпусе ПВХ, низкоэмиссионное покрытие",
        "R": 0.43,
        "a": 0.33,
        "q": 3.8
    },
    {
        "name": "Стеклопакет 36мм (4-10-4-14-4) в корпусе ПВХ",
        "R": 0.57,
        "a": 0.33,
        "q": 2.0
    },
    {
        "name": "Стеклопакет 44мм (4-12-4-20-4) в корпусе ПВХ",
        "R": 0.62,
        "a": 0.33,
        "q": 2.0
    },
    {
        "name": "Стеклопакет 44мм (4-12-4-20-4) в корпусе ПВХ, низкоэмиссионное покрытие",
        "R": 0.68,
        "a": 0.33,
        "q": 2.0
    }
]